<?xml version="1.0" encoding="UTF-8"?>
<project-private xmlns="http://www.netbeans.org/ns/project-private/1">
    <editor-bookmarks xmlns="http://www.netbeans.org/ns/editor-bookmarks/2" lastBookmarkId="0"/>
    <open-files xmlns="http://www.netbeans.org/ns/projectui-open-files/2">
        <group>
            <file>file:/C:/Users/Amira20208045/Documents/NetBeansProjects/HMS/src/Admin/HomePageController.java</file>
            <file>file:/C:/Users/Amira20208045/Documents/NetBeansProjects/HMS/src/utility/userData.java</file>
            <file>file:/C:/Users/Amira20208045/Documents/NetBeansProjects/HMS/src/Doctor/HomePageController.java</file>
            <file>file:/C:/Users/Amira20208045/Documents/NetBeansProjects/HMS/src/Authentication/controller.java</file>
            <file>file:/C:/Users/Amira20208045/Documents/NetBeansProjects/HMS/src/utility/Controller.java</file>
            <file>file:/C:/Users/Amira20208045/Documents/NetBeansProjects/HMS/src/Authentication/Login.fxml</file>
        </group>
    </open-files>
</project-private>
